Identifiant,Nom,Prénom,Date de naissance,Genre,Classement
1,Immacolato,Lucas,2019-01-11,M,2500
7,Boech,Lilou,1992-05-01,F,2220
6,Bodars,Kézia,1989-02-08,F,2180
2,Citron,Caroline,1997-03-05,F,2110
3,Riel,Kenjy,1986-08-25,M,2000
9,Toumelin,Chloé,2012-04-08,F,1500
10,Semlali,Leila,2004-11-05,F,1500
4,Parmel,Bastien,2011-06-15,M,1250
8,Lenz,Maceo,2012-08-03,M,950
5,Drouet,Céline,1977-12-09,F,820
